Na,businessname,telephone,Website we made,websiteurl,,email,linkedin,facebookprofile,facebookmessenger,instagram,twitter,google_rank,domainregistered,domainexpiry,domainnameserver,domainregistrar,instagram_followers,instagram_follows,instagram_totalphotos,instagram_average_likes,instagram_average_comments,instagram_is_verified,instagram_highlightreel_count,instagram_is_bizaccount,instagram_accountname,gmb_claimed,facebookpixel,googlepixel,criteopixel,googlestars,googlecount,yelpstars,yelpcount,facebookstars,facebookcount,address,city,state,zip,country,mobilefriendly,googleanalytics,schemamarkup,usewordpress,useshopify,linkedinanalytics,telephone LineType,Website We Made
,Innovative Plumbing,(616) 648-6543,,,,,,,,,,,,,,,,,,,,,,,,,,,,,,,,,,1845 Meadowfield Dr NE,Grand Rapids,MI,49505,US,,,,,,,CELL PHONE,https://<your-username>.github.io/<repository-name>/Innovative_Plumbing.html
,GLGC Plumbing LLC,(269) 579-3061,,,,,,https://www.facebook.com/glgcplumbingllc/,https://m.me/glgcplumbingllc/,,,,,,,,,,,,,,,,,,,,,,,,,4.8,19,19319 16 Mile Rd,Marshall,MI,49068,US,,,,,,,CELL PHONE,https://<your-username>.github.io/<repository-name>/GLGC_Plumbing_LLC.html
,Tri-County Plumbing & Drain Cleaning Inc.,(517) 321-2323,,,,,,,,,,,,,,,,,,,,,,,,,,,,,,,,,,6751 E Bellevue Hwy,Eaton Rapids,MI,48827,US,,,,,,,CELL PHONE,https://<your-username>.github.io/<repository-name>/Tri-County_Plumbing_&_Drain_Cleaning_Inc..html
,Pifer Plumbing,(517) 543-5914,,,,,,,,,,,,,,,,,,,,,,,,,,,,,,,,,,617 W Seminary St,Charlotte,MI,48813,US,,,,,,,CELL PHONE,https://<your-username>.github.io/<repository-name>/Pifer_Plumbing.html
,"Northwoods Plumbing, LLC",(517) 206-5153,,,,,,,,,,,,,,,,,,,,,,,,unclaimed,,,,3,6,,,,,8730 Wheeler Rd,Concord,MI,49237,US,,,,,,,CELL PHONE,"https://<your-username>.github.io/<repository-name>/Northwoods_Plumbing,_LLC.html"
,Plumbing With Pride,(517) 395-6527,,,,,,,,,,,,,,,,,,,,,,,,,,,,,,,,,,159 W Pearl St,Jackson,MI,49201,US,,,,,,,CELL PHONE,https://<your-username>.github.io/<repository-name>/Plumbing_With_Pride.html
,Root's Drain Service,(517) 525-5041,,,,,,,,,,,,,,,,,,,,,,,,,,,,,,5,1,,,,Lansing,MI,48911,US,,,,,,,CELL PHONE,https://<your-username>.github.io/<repository-name>/Root's_Drain_Service.html
,T L Plumbing and Drain Cleaning,(517) 414-2613,,,,,,,,,,,,,,,,,,,,,,,,,,,,,,,,,,,Jackson,MI,49203,US,,,,,,,CELL PHONE,https://<your-username>.github.io/<repository-name>/T_L_Plumbing_and_Drain_Cleaning.html
,Northern Plumbing,(517) 521-4900,,,,,,,,,,,,,,,,,,,,,,,,,,,,,,,,,,1785 Alchin Rd,Webberville,MI,48892,US,,,,,,,CELL PHONE,https://<your-username>.github.io/<repository-name>/Northern_Plumbing.html
,Sherwood Heating,(517) 783-1755,,https://fr.yelp.ca/biz/sherwood-heating-jackson,,a_imbo@hotmail.com,https://www.linkedin.com/company/31517,,,,https://www.twitter.com/yelpsupport,,,,,,,,,,,,,,,unclaimed,n,n,n,5,9,,,,,4000 Trumble Rd,Jackson,MI,49201,US,y,y,y,n,n,n,CELL PHONE,https://<your-username>.github.io/<repository-name>/Sherwood_Heating.html
,Conklin Plumbing,(734) 320-2982,,http://veteranpaintingllc.com/,,veteranpainting1@gmail.com,,,,,,,2015-11-10,2023-11-10,wixdns.net,Network Solutions,,,,,,,,,,verified,n,y,n,5,2,,,3,10,4111 Morton Rd,Stockbridge,MI,49285,US,y,n,n,n,n,n,CELL PHONE,https://<your-username>.github.io/<repository-name>/Conklin_Plumbing.html
,R A Baker Plumbing,(269) 209-7578,,,,,,,,,,,,,,,,,,,,,,,,,,,,,,,,,,,East Leroy,MI,49051,US,,,,,,,CELL PHONE,https://<your-username>.github.io/<repository-name>/R_A_Baker_Plumbing.html
,Ely Plumbing,(269) 998-4359,,,,,,,,,,,,,,,,,,,,,,,,,,,,,,,,,,8744 Dolphin St,Portage,MI,49024,US,,,,,,,CELL PHONE,https://<your-username>.github.io/<repository-name>/Ely_Plumbing.html
,Peugeot Drains,(269) 275-4316,,,,,,,,,,,,,,,,,,,,,,,,,,,,,,,,,,,Kalamazoo,MI,49009,US,,,,,,,CELL PHONE,https://<your-username>.github.io/<repository-name>/Peugeot_Drains.html
,Sumner Plumbing,(269) 615-1639,,,,,,,,,,,,,,,,,,,,,,,,,,,,,,2,1,,,,Allegan,MI,49010,US,,,,,,,CELL PHONE,https://<your-username>.github.io/<repository-name>/Sumner_Plumbing.html
,Graham's Installation's,(517) 240-5948,,,,,,,,,,,,,,,,,,,,,,,,,,,,,,,,,,,Albion,MI,49224,US,,,,,,,CELL PHONE,https://<your-username>.github.io/<repository-name>/Graham's_Installation's.html
,Jims Redi-Rooter,(269) 668-2966,,,,,,,,,,,,,,,,,,,,,,,,,,,,,,,,,,45120 County Road 652,Mattawan,MI,49071,US,,,,,,,CELL PHONE,https://<your-username>.github.io/<repository-name>/Jims_Redi-Rooter.html
,Emergency Plumbing Services,(616) 218-8590,,,,,,,,,,,,,,,,,,,,,,,,,,,,,,,,,,3529 38th St,Hamilton,MI,49419,US,,,,,,,CELL PHONE,https://<your-username>.github.io/<repository-name>/Emergency_Plumbing_Services.html
,Phantom Plumbing,(517) 525-1266,,,,,,https://www.facebook.com/111823677026932/,https://m.me/111823677026932/,,,,,,,,,,,,,,,,,verified,,,,5,11,,,5,16,9735 Towner Rd,Portland,MI,48875,US,,,,,,,CELL PHONE,https://<your-username>.github.io/<repository-name>/Phantom_Plumbing.html
,Colgan Plumbing,(517) 663-2025,,,,,,,,,,,,,,,,,,,,,,,,unclaimed,,,,4.7,3,,,,,11975 Vfw Rd,Eaton Rapids,MI,48827,US,,,,,,,CELL PHONE,https://<your-username>.github.io/<repository-name>/Colgan_Plumbing.html
,Tri-County Plumbing & Drain Cleaning,(517) 321-2323,,,,,,,,,,,,,,,,,,,,,,,,,,,,,,1,3,,,6751 E Bellevue Hwy,Lansing,MI,48933,US,,,,,,,CELL PHONE,https://<your-username>.github.io/<repository-name>/Tri-County_Plumbing_&_Drain_Cleaning.html
,Oasis Heating & Cooling,(517) 204-5528,,,,,,,,,,,,,,,,,,,,,,,,,,,,,,,,5,52,520 N Deerfield Ave,Lansing,MI,48917,US,,,,,,,CELL PHONE,https://<your-username>.github.io/<repository-name>/Oasis_Heating_&_Cooling.html
,Shepherd Plumbing,(517) 667-1821,,,,,,,,,,,,,,,,,,,,,,,,verified,,,,4.8,25,,,,,402 Troy Ct,Eaton Rapids,MI,48827,US,,,,,,,CELL PHONE,https://<your-username>.github.io/<repository-name>/Shepherd_Plumbing.html
,Croff Plumbing,(517) 256-9381,,,,,,,,,,,,,,,,,,,,,,,,,,,,,,,,,,,Lansing,MI,48910,US,,,,,,,CELL PHONE,https://<your-username>.github.io/<repository-name>/Croff_Plumbing.html
,All American Plumbing,(810) 919-8007,,,,,,,,,,,,,,,,,,,,,,,,,,,,,,4,4,,,,Holly,MI,48442,US,,,,,,,CELL PHONE,https://<your-username>.github.io/<repository-name>/All_American_Plumbing.html
,Titus Plumbing & Drain Cleaning,(517) 712-8018,,,,,,,,,,,,,,,,,,,,,,,,,,,,,,,,,,,Lansing,MI,48910,US,,,,,,,CELL PHONE,https://<your-username>.github.io/<repository-name>/Titus_Plumbing_&_Drain_Cleaning.html
,Johnson's Plumbing Service,(734) 428-5325,,,,,,,,,,,,,,,,,,,,,,,,,,,,,,,,,,8135 Grossman Rd,Manchester,MI,48158,US,,,,,,,CELL PHONE,https://<your-username>.github.io/<repository-name>/Johnson's_Plumbing_Service.html
,Platinum Plumbing and Drain Cleaning,(517) 749-7502,,,,,,,,,,,,,,,,,,,,,,,,,,,,,,,,,,,Saint Johns,MI,48879,US,,,,,,,CELL PHONE,https://<your-username>.github.io/<repository-name>/Platinum_Plumbing_and_Drain_Cleaning.html
,Drain Masters,(219) 576-2355,,,,,,,,,,,,,,,,,,,,,,,,,,,,,,,,,,,Carson City,MI,48811,US,,,,,,,CELL PHONE,https://<your-username>.github.io/<repository-name>/Drain_Masters.html
,Holt Plumbing LLC,(517) 819-0654,,,,,,,,,,,,,,,,,,,,,,,,,,,,,,3,2,,,2835 Grovenburg Rd,Lansing,MI,48911,US,,,,,,,CELL PHONE,https://<your-username>.github.io/<repository-name>/Holt_Plumbing_LLC.html
,PipeTech Plumbing,(734) 323-2347,,,,,,,,,,,,,,,,,,,,,,,,,,,,,,5,1,,,,Howell,MI,48843,US,,,,,,,CELL PHONE,https://<your-username>.github.io/<repository-name>/PipeTech_Plumbing.html
,Rob & His Dog Plumbing,(517) 944-7896,,,,,,,,,,,,,,,,,,,,,,,,,,,,,,,,,,,East Lansing,MI,48823,US,,,,,,,CELL PHONE,https://<your-username>.github.io/<repository-name>/Rob_&_His_Dog_Plumbing.html
,Arends Plumbing LLC,(517) 282-1319,,,,,,,,,,,,,,,,,,,,,,,,,,,,,,,,,,5520 W Beard Rd,Perry,MI,48872,US,,,,,,,CELL PHONE,https://<your-username>.github.io/<repository-name>/Arends_Plumbing_LLC.html
,Plumber,(517) 719-8604,,,,,,,,,,,,,,,,,,,,,,,,,,,,,,,,,,1572 Craig St,Lansing,MI,48906,US,,,,,,,CELL PHONE,https://<your-username>.github.io/<repository-name>/Plumber.html
,John L Pomaville Plumbing,(517) 749-7707,,,,,,,,,,,,,,,,,,,,,,,,,,,,,,,,,,6026 S Martin Luther King Jr Blvd,Lansing,MI,48911,US,,,,,,,CELL PHONE,https://<your-username>.github.io/<repository-name>/John_L_Pomaville_Plumbing.html
,Pomaville Plumbing,(517) 622-4477,,,,,,,,,,,,,,,,,,,,,,,,,,,,,,,,,,5880 Willow Hwy,Grand Ledge,MI,48837,US,,,,,,,CELL PHONE,https://<your-username>.github.io/<repository-name>/Pomaville_Plumbing.html
,Quality Plumbing,(517) 694-8254,,,,,,,,,,,,,,,,,,,,,,,,,,,,,,,,,,1671 N Eifert Rd,Holt,MI,48842,US,,,,,,,CELL PHONE,https://<your-username>.github.io/<repository-name>/Quality_Plumbing.html
,Burford Plumbing & Heating,(517) 204-7795,,,,,,,,,,,,,,,,,,,,,,,,,,,,,,,,,,1229 Redpole Dr,Dewitt,Mi,48820,US,,,,,,,CELL PHONE,https://<your-username>.github.io/<repository-name>/Burford_Plumbing_&_Heating.html
,Glen Valley Plumbing & Heating Company,(248) 628-6624,,,,,,,,,,,,,,,,,,,,,,,,,,,,,,,,,,2563 Glen Valley Dr,Leonard,MI,48367,US,,,,,,,CELL PHONE,https://<your-username>.github.io/<repository-name>/Glen_Valley_Plumbing_&_Heating_Company.html
,WM Plumbing,(248) 688-7055,,,,,,,,,,,,,,,,,,,,,,,,,,,,,,,,,,,Oakland Township,MI,48306,US,,,,,,,CELL PHONE,https://<your-username>.github.io/<repository-name>/WM_Plumbing.html
,P M Plumbing & Mechanical,(248) 392-6304,,,,,,,,,,,,,,,,,,,,,,,,,,,,,,5,6,,,44648 Mound Rd,Sterling Heights,MI,48314,US,,,,,,,CELL PHONE,https://<your-username>.github.io/<repository-name>/P_M_Plumbing_&_Mechanical.html
,Astro Plumbing Services,(586) 260-6832,,,,,,,,,,,,,,,,,,,,,,,,verified,,,,4.6,11,5,1,,,4959 Dusk Dr,Utica,MI,48316,US,,,,,,,CELL PHONE,https://<your-username>.github.io/<repository-name>/Astro_Plumbing_Services.html
,R&T Sewer Cleaning,(313) 948-0438,,,,,,,,,,,,,,,,,,,,,,,,,,,,,,,,,,,Eastpointe,MI,48021,US,,,,,,,CELL PHONE,https://<your-username>.github.io/<repository-name>/R&T_Sewer_Cleaning.html
,Superior Plumbing,(586) 531-0563,,,,,,,,,,,,,,,,,,,,,,,,,,,,,,5,1,,,,Macomb,MI,48042,US,,,,,,,CELL PHONE,https://<your-username>.github.io/<repository-name>/Superior_Plumbing.html
,Dadâs Plumbing,(313) 806-5627,,,,,,,,,,,,,,,,,,,,,,,,,,,,,,5,1,,,,Auburn Hills,MI,48326,US,,,,,,,CELL PHONE,https://<your-username>.github.io/<repository-name>/Dadâs_Plumbing.html
,Gemini Plumbing & Home Improvements Llc,(248) 388-0806,,,,,,,,,,,,,,,,,,,,,,,,,,,,,,,,,,6042 Windrush Dr,Troy,Mi,48098,US,,,,,,,CELL PHONE,https://<your-username>.github.io/<repository-name>/Gemini_Plumbing_&_Home_Improvements_Llc.html
,Dan Geisner Plumbing,(248) 470-3738,,,,,,,,,,,,,,,,,,,,,,,,,,,,,,,,,,4402 Hedgewood Dr,Troy,MI,48098,US,,,,,,,CELL PHONE,https://<your-username>.github.io/<repository-name>/Dan_Geisner_Plumbing.html
,Pipes Plus Plumbing LLC,(586) 980-0038,,,,,,https://www.facebook.com/pipesplusplumbingllc/,https://m.me/pipesplusplumbingllc/,,,,,,,,,,,,,,,,,unclaimed,,,,,,,,5,3,409 Cass Ave,Mt Clemens,MI,48043,US,,,,,,,CELL PHONE,https://<your-username>.github.io/<repository-name>/Pipes_Plus_Plumbing_LLC.html
,D Riddle Plumbing,(248) 789-8353,,,,driddleplumbing@hotmail.com,,,,,,,,,,,,,,,,,,,,,,,,,,,,5,7,27762 Park Ct,Madison Heights,MI,48071,US,,,,,,,CELL PHONE,https://<your-username>.github.io/<repository-name>/D_Riddle_Plumbing.html
,Complete Plumbing Repair,(586) 344-3756,,,,,,,,,,,,,,,,,,,,,,,,,,,,,,4,8,,,,Fraser,MI,48026,US,,,,,,,CELL PHONE,https://<your-username>.github.io/<repository-name>/Complete_Plumbing_Repair.html
,Purity Environmental Plumbing Inc,(586) 431-1143,,,,,,,,,,,,,,,,,,,,,,,,,,,,,,,,,,119 Smith St,Mount Clemens,MI,48043,US,,,,,,,CELL PHONE,https://<your-username>.github.io/<repository-name>/Purity_Environmental_Plumbing_Inc.html
,Priced Right Plumbing & Sewer,(586) 524-3211,,,,,,,,,,,,,,,,,,,,,,,,verified,,,,,,,,,,"Macomb, MI 48044",Macomb,MI,48044,US,,,,,,,CELL PHONE,https://<your-username>.github.io/<repository-name>/Priced_Right_Plumbing_&_Sewer.html
,Triple C’s Plumbing,(586) 329-8075,,,,,,,,,,,,,,,,,,,,,,,,verified,,,,5,9,4,4,,,108 Crocker Blvd,Mt Clemens,MI,48043,US,,,,,,,CELL PHONE,https://<your-username>.github.io/<repository-name>/Triple_C’s_Plumbing.html
,R&A Plumbing,(586) 422-8382,,,,,,,,,,,,,,,,,,,,,,,,,,,,,,,,,,,Utica,MI,48317,US,,,,,,,CELL PHONE,https://<your-username>.github.io/<repository-name>/R&A_Plumbing.html
,The Plumbing PhD,(248) 840-0813,,,,,,,,,,,,,,,,,,,,,,,,,,,,,,4,8,,,85 Stalwart Dr,Troy,MI,48098,US,,,,,,,CELL PHONE,https://<your-username>.github.io/<repository-name>/The_Plumbing_PhD.html
,Admiral Plumbing & Drain,(586) 563-0413,,,,,,,,,,,,,,,,,,,,,,,,,,,,,,,,,,,Warren,MI,48093,US,,,,,,,CELL PHONE,https://<your-username>.github.io/<repository-name>/Admiral_Plumbing_&_Drain.html
,Professional Plumbing Services,(248) 640-7090,,,,,,,,,,,,,,,,,,,,,,,,,,,,,,,,,,,Madison Heights,MI,48071,US,,,,,,,CELL PHONE,https://<your-username>.github.io/<repository-name>/Professional_Plumbing_Services.html
,Teds Plumbing Heating,(313) 670-5930,,,,,,,,,,,,,,,,,,,,,,,,,,,,,,,,,,,Sterling Heights,MI,48312,US,,,,,,,CELL PHONE,https://<your-username>.github.io/<repository-name>/Teds_Plumbing_Heating.html
,J’s Plumbing Repair,(586) 388-4880,,,,,,,,,,,,,,,,,,,,,,,,,,,,,,,,,,,Sterling Heights,MI,48312,US,,,,,,,CELL PHONE,https://<your-username>.github.io/<repository-name>/J’s_Plumbing_Repair.html
,W&L Handyman Service,(586) 444-9807,,,,,,,,,,,,,,,,,,,,,,,,,,,,,,,,,,,Sterling Heights,MI,48310,US,,,,,,,CELL PHONE,https://<your-username>.github.io/<repository-name>/W&L_Handyman_Service.html
,Sweet Home Construction,(313) 510-8576,,,,,,,,,,,,,,,,,,,,,,,,,,,,,,,,,,,Sterling Heights,MI,48310,US,,,,,,,CELL PHONE,https://<your-username>.github.io/<repository-name>/Sweet_Home_Construction.html
,Newtons Plumbing and Heating,(586) 443-6645,,,,,,,,,,,,,,,,,,,,,,,,,,,,,,,,,,,Fraser,MI,48026,US,,,,,,,CELL PHONE,https://<your-username>.github.io/<repository-name>/Newtons_Plumbing_and_Heating.html
,Simple Life Style 2,(678) 431-0505,,,,,,,,,,,,,,,,,,,,,,,,,,,,,,,,,,,Sterling Heights,MI,48313,US,,,,,,,CELL PHONE,https://<your-username>.github.io/<repository-name>/Simple_Life_Style_2.html
,Empire Plumbing Waterproofing Specialists LLC,(248) 743-0065,,,,,,,,,,,,,,,,,,,,,,,,,,,,,,,,5,43,34807 Dequindre Rd,Troy,MI,48083,US,,,,,,,CELL PHONE,https://<your-username>.github.io/<repository-name>/Empire_Plumbing_Waterproofing_Specialists_LLC.html
,Frost & Krestch Plumbing Inc,(586) 286-4190,,,,,,,,,,,,,,,,,,,,,,,,,,,,,,,,,,49015 Romeo Plank Rd,Macomb,MI,48044,US,,,,,,,CELL PHONE,https://<your-username>.github.io/<repository-name>/Frost_&_Krestch_Plumbing_Inc.html
,A A Sewer Plumbing & Septic,(248) 644-8839,,,,,,,,,,,,,,,,,,,,,,,,,,,,,,,,,,3691 S Livernois Rd,Rochester,MI,48307,US,,,,,,,CELL PHONE,https://<your-username>.github.io/<repository-name>/A_A_Sewer_Plumbing_&_Septic.html
,MotorCity Plumbing & Drain Cleaning,(313) 608-4168,,,,,,,,,,,,,,,,,,,,,,,,unclaimed,,,,,,,,,,14505 Bringard Dr,Eastpointe,MI,48205,US,,,,,,,CELL PHONE,https://<your-username>.github.io/<repository-name>/MotorCity_Plumbing_&_Drain_Cleaning.html
,Smith Plumbing & Heating,(586) 254-5151,,,,,,,,,,,,,,,,,,,,,,,,,,,,,,,,,,5281 Auburn Rd,Shelby Township,MI,48317,US,,,,,,,CELL PHONE,https://<your-username>.github.io/<repository-name>/Smith_Plumbing_&_Heating.html
,Shackleton Plumbing,(586) 610-4421,,,,,,,,,,,,,,,,,,,,,,,,verified,,,,4.6,45,,,4.9,29,50231 Jefferson Ave,Chesterfield,MI,48047,US,,,,,,,CELL PHONE,https://<your-username>.github.io/<repository-name>/Shackleton_Plumbing.html
,Mc Gray Services Drain and Sewer Cleaning,(248) 379-3373,,,,,,,,,,,,,,,,,,,,,,,,,,,,,,,,,,,Clawson,MI,48017,US,,,,,,,CELL PHONE,https://<your-username>.github.io/<repository-name>/Mc_Gray_Services_Drain_and_Sewer_Cleaning.html
,Drain Bros Sewer Service,(313) 335-6792,,,,,,,,https://instagram.com/blueprintwelds/,,,,,,,107,157,16,7,,,,1,Marc,verified,,,,5,3,,,,,7736 Kirkwood Dr,Lincoln Park,MI,48146,US,,,,,,,CELL PHONE,https://<your-username>.github.io/<repository-name>/Drain_Bros_Sewer_Service.html
,Western Sewer Cleaners,(734) 722-1377,,,,,,,,,,,,,,,,,,,,,,,,,,,,,,5,1,,,34825 John St,Wayne,MI,48184,US,,,,,,,CELL PHONE,https://<your-username>.github.io/<repository-name>/Western_Sewer_Cleaners.html
,Joiner Flooring Solutions,(313) 720-8373,,,,,,,,,,,,,,,,,,,,,,,,,,,,,,,,,,,Livonia,MI,48154,US,,,,,,,CELL PHONE,https://<your-username>.github.io/<repository-name>/Joiner_Flooring_Solutions.html
,Clean Out King’s plumbing,(248) 867-1712,,,,,,,,,,,,,,,,,,,,,,,,,,,,,,,,,,,Inkster,MI,48141,US,,,,,,,CELL PHONE,https://<your-username>.github.io/<repository-name>/Clean_Out_King’s_plumbing.html
,Mega Rooter,(734) 752-2038,,,,,,,,,,,,,,,,,,,,,,,,,,,,,,5,5,,,,Romulus,MI,48174,US,,,,,,,CELL PHONE,https://<your-username>.github.io/<repository-name>/Mega_Rooter.html
,Amer's Plumbing and More,(313) 375-8369,,,,,,,,,,,,,,,,,,,,,,,,,,,,,,,,,,,Garden City,MI,48135,US,,,,,,,CELL PHONE,https://<your-username>.github.io/<repository-name>/Amer's_Plumbing_and_More.html
,Lenart Customs Home Improvement,(734) 778-7960,,,,,,,,,,,,,,,,,,,,,,,,,,,,,,,,,,,Lincoln Park,MI,48146,US,,,,,,,CELL PHONE,https://<your-username>.github.io/<repository-name>/Lenart_Customs_Home_Improvement.html
,John Wood Plumbing,(313) 255-2299,,,,,,,,,,,,,,,,,,,,,,,,,,,,,,,,,,29444 Lyndon St,Livonia,MI,48154,US,,,,,,,CELL PHONE,https://<your-username>.github.io/<repository-name>/John_Wood_Plumbing.html
,KC Plumbing,(313) 590-2488,,,,,,,,,,,,,,,,,,,,,,,,,,,,,,,,,,,Westland,MI,48185,US,,,,,,,CELL PHONE,https://<your-username>.github.io/<repository-name>/KC_Plumbing.html
,Accomplished Plumbing Services,(734) 765-2969,,,,,,,,,,,,,,,,,,,,,,,,,,,,,,5,1,,,28826 Hennepin Ave,Garden City,MI,48135,US,,,,,,,CELL PHONE,https://<your-username>.github.io/<repository-name>/Accomplished_Plumbing_Services.html
,Andrews Plumbing & Heating Company,(313) 345-1610,,,,,,,,,,,,,,,,,,,,,,,,,,,,,,,,,,15716 Wyoming St,Detroit,MI,48238,US,,,,,,,CELL PHONE,https://<your-username>.github.io/<repository-name>/Andrews_Plumbing_&_Heating_Company.html
,Good Helpers Heating & Cooling LLC,(313) 363-0063,,,,,,,,,,,,,,,,,,,,,,,,unclaimed,,,,4,1,,,,,15900 W McNichols Rd,Detroit,MI,48235,US,,,,,,,CELL PHONE,https://<your-username>.github.io/<repository-name>/Good_Helpers_Heating_&_Cooling_LLC.html
,Above All Plumbing,(248) 499-2583,,,,,,,,,,,,,,,,,,,,,,,,,,,,,,,,,,16592 Roselawn St,Detroit,MI,48221,CA,,,,,,,CELL PHONE,https://<your-username>.github.io/<repository-name>/Above_All_Plumbing.html
,CD Plumbing,(519) 818-6932,,,,,,,,,,,,,,,,,,,,,,,,,,,,,,,,,,825 Tecumseh Rd W,Windsor,ON,N8X 1H4,CA,,,,,,,CELL PHONE,https://<your-username>.github.io/<repository-name>/CD_Plumbing.html
,McCrone Plumbing,(519) 980-3697,,,,,,,,,,,,,,,,,,,,,,,,,,,,,,,,,,1850 St Luke Rd,Windsor,On,N8w 3w7,CA,,,,,,,CELL PHONE,https://<your-username>.github.io/<repository-name>/McCrone_Plumbing.html
,"Shiny's Plumbing, Heating & Cooling",(313) 515-2562,,,,,,,,,,,,,,,,,,,,,,,,,,,,,,,,,,,Detroit,MI,,US,,,,,,,CELL PHONE,"https://<your-username>.github.io/<repository-name>/Shiny's_Plumbing,_Heating_&_Cooling.html"
